step,leg,load_factor,story_drift_rad
11,1,0.1,0.0005
12,1,0.2,0.001
13,1,0.3,0.0015
14,1,0.4,0.002
15,1,0.5,0.0025
16,1,0.6,0.003
17,1,0.7,0.0035
18,1,0.8,0.004
19,1,0.9,0.0045
20,1,1.0,0.005
21,1,1.1,0.0055
22,1,1.2,0.006
23,1,1.3,0.0065
24,1,1.4,0.007
25,2,1.3,0.0065
26,2,1.2,0.006
27,2,1.1,0.0055
28,2,1.0,0.005
29,2,0.9,0.0045
30,2,0.8,0.004
31,2,0.7,0.0035
32,2,0.6,0.003
33,2,0.5,0.0025
34,2,0.4,0.002
35,2,0.3,0.0015
36,2,0.2,0.001
37,2,0.1,0.0005
38,2,0.0,0.0
39,2,-0.1,-0.0005
40,2,-0.2,-0.001
41,2,-0.3,-0.0015
42,2,-0.4,-0.002
43,2,-0.5,-0.0025
44,2,-0.6,-0.003
45,2,-0.7,-0.0035
46,2,-0.8,-0.004
47,2,-0.9,-0.0045
48,2,-1.0,-0.005
49,2,-1.1,-0.0055
50,2,-1.2,-0.006
51,2,-1.3,-0.0065
52,2,-1.4,-0.007
53,2,-1.5,-0.0075
54,2,-1.6,-0.008
55,2,-1.7,-0.0085
56,2,-1.8,-0.009
57,2,-1.9,-0.0095
58,2,-2.0,-0.01
59,2,-2.1,-0.0105
60,2,-2.2,-0.011
61,2,-2.3,-0.0115
62,2,-2.4,-0.012
63,2,-2.5,-0.0125
64,2,-2.6,-0.013
65,2,-2.7,-0.0135
66,3,-2.6,-0.013
67,3,-2.5,-0.0125
68,3,-2.4,-0.012
69,3,-2.3,-0.0115
70,3,-2.2,-0.011
71,3,-2.1,-0.0105
72,3,-2.0,-0.01
73,3,-1.9,-0.0095
74,3,-1.8,-0.009
75,3,-1.7,-0.0085
76,3,-1.6,-0.008
77,3,-1.5,-0.0075
78,3,-1.4,-0.007
79,3,-1.3,-0.0065
80,3,-1.2,-0.006
81,3,-1.1,-0.0055
82,3,-1.0,-0.005
83,3,-0.9,-0.0045
84,3,-0.8,-0.004
85,3,-0.7,-0.0035
86,3,-0.6,-0.003
87,3,-0.5,-0.0025
88,3,-0.4,-0.002
89,3,-0.3,-0.0015
90,3,-0.2,-0.001
91,3,-0.1,-0.0005
92,3,0.0,0.0
93,3,0.1,0.0005
94,3,0.2,0.001
95,3,0.3,0.0015
96,3,0.4,0.002
97,3,0.5,0.0025
98,3,0.6,0.003
99,3,0.7,0.0035
100,3,0.8,0.004
101,3,0.9,0.0045
102,3,1.0,0.005
103,3,1.1,0.0055
104,3,1.2,0.006
105,3,1.3,0.0065
106,3,1.4,0.007
107,3,1.5,0.0075
108,3,1.6,0.008
109,3,1.7,0.0085
110,3,1.8,0.009
111,3,1.9,0.0095
112,3,2.0,0.01
113,3,2.1,0.0105
114,3,2.2,0.011
115,3,2.3,0.0115
116,3,2.4,0.012
117,3,2.5,0.0125
118,3,2.6,0.013
119,3,2.7,0.0135
120,3,2.8,0.014
121,3,2.9,0.0145
122,3,3.0,0.015
123,3,3.1,0.0155
124,3,3.2,0.016
125,3,3.3,0.0165
126,3,3.4,0.017
127,3,3.5,0.0175
128,3,3.6,0.018
129,3,3.7,0.0185
130,3,3.8,0.019
131,3,3.9,0.0195
132,3,4.0,0.02
133,3,4.1,0.0205
134,3,4.2,0.021
135,3,4.3,0.0215
136,3,4.4,0.022
137,3,4.5,0.0225
138,3,4.6,0.023
139,3,4.7,0.0235
140,3,4.8,0.024
141,3,4.9,0.0245
142,3,5.0,0.025
143,3,5.1,0.0255
144,3,5.2,0.026
145,3,5.3,0.0265
146,3,5.4,0.027
147,3,5.5,0.0275
148,3,5.6,0.028
149,4,5.5,0.0275
150,4,5.4,0.027
151,4,5.3,0.0265
152,4,5.2,0.026
153,4,5.1,0.0255
154,4,5.0,0.025
155,4,4.9,0.0245
156,4,4.8,0.024
157,4,4.7,0.0235
158,4,4.6,0.023
159,4,4.5,0.0225
160,4,4.4,0.022
161,4,4.3,0.0215
162,4,4.2,0.021
163,4,4.1,0.0205
164,4,4.0,0.02
165,4,3.9,0.0195
166,4,3.8,0.019
167,4,3.7,0.0185
168,4,3.6,0.018
169,4,3.5,0.0175
170,4,3.4,0.017
171,4,3.3,0.0165
172,4,3.2,0.016
173,4,3.1,0.0155
174,4,3.0,0.015
175,4,2.9,0.0145
176,4,2.8,0.014
177,4,2.7,0.0135
178,4,2.6,0.013
179,4,2.5,0.0125
180,4,2.4,0.012
181,4,2.3,0.0115
182,4,2.2,0.011
183,4,2.1,0.0105
184,4,2.0,0.01
185,4,1.9,0.0095
186,4,1.8,0.009
187,4,1.7,0.0085
188,4,1.6,0.008
189,4,1.5,0.0075
190,4,1.4,0.007
191,4,1.3,0.0065
192,4,1.2,0.006
193,4,1.1,0.0055
194,4,1.0,0.005
195,4,0.9,0.0045
196,4,0.8,0.004
197,4,0.7,0.0035
198,4,0.6,0.003
199,4,0.5,0.0025
200,4,0.4,0.002
201,4,0.3,0.0015
202,4,0.2,0.001
203,4,0.1,0.0005
204,4,0.0,0.0
205,4,-0.1,-0.0005
206,4,-0.2,-0.001
207,4,-0.3,-0.0015
208,4,-0.4,-0.002
209,4,-0.5,-0.0025
210,4,-0.6,-0.003
211,4,-0.7,-0.0035
212,4,-0.8,-0.004
213,4,-0.9,-0.0045
214,4,-1.0,-0.005
215,4,-1.1,-0.0055
216,4,-1.2,-0.006
217,4,-1.3,-0.0065
218,4,-1.4,-0.007
219,4,-1.5,-0.0075
220,4,-1.6,-0.008
221,4,-1.7,-0.0085
222,4,-1.8,-0.009
223,4,-1.9,-0.0095
224,4,-2.0,-0.01
225,4,-2.1,-0.0105
226,4,-2.2,-0.011
227,4,-2.3,-0.0115
228,4,-2.4,-0.012
229,4,-2.5,-0.0125
230,4,-2.6,-0.013
231,4,-2.7,-0.0135
232,4,-2.8,-0.014
233,4,-2.9,-0.0145
234,4,-3.0,-0.015
235,4,-3.1,-0.0155
236,4,-3.2,-0.016
237,4,-3.3,-0.0165
238,4,-3.4,-0.017
239,4,-3.5,-0.0175
240,4,-3.6,-0.018
241,4,-3.7,-0.0185
242,4,-3.8,-0.019
243,4,-3.9,-0.0195
244,4,-4.0,-0.02
245,4,-4.1,-0.0205
246,4,-4.2,-0.021
247,4,-4.3,-0.0215
248,4,-4.4,-0.022
249,5,-4.3,-0.0215
250,5,-4.2,-0.021
251,5,-4.1,-0.0205
252,5,-4.0,-0.02
253,5,-3.9,-0.0195
254,5,-3.8,-0.019
255,5,-3.7,-0.0185
256,5,-3.6,-0.018
257,5,-3.5,-0.0175
258,5,-3.4,-0.017
259,5,-3.3,-0.0165
260,5,-3.2,-0.016
261,5,-3.1,-0.0155
262,5,-3.0,-0.015
263,5,-2.9,-0.0145
264,5,-2.8,-0.014
265,5,-2.7,-0.0135
266,5,-2.6,-0.013
267,5,-2.5,-0.0125
268,5,-2.4,-0.012
269,5,-2.3,-0.0115
270,5,-2.2,-0.011
271,5,-2.1,-0.0105
272,5,-2.0,-0.01
273,5,-1.9,-0.0095
274,5,-1.8,-0.009
275,5,-1.7,-0.0085
276,5,-1.6,-0.008
277,5,-1.5,-0.0075
278,5,-1.4,-0.007
279,5,-1.3,-0.0065
280,5,-1.2,-0.006
281,5,-1.1,-0.0055
282,5,-1.0,-0.005
283,5,-0.9,-0.0045
284,5,-0.8,-0.004
285,5,-0.7,-0.0035
286,5,-0.6,-0.003
287,5,-0.5,-0.0025
288,5,-0.4,-0.002
289,5,-0.3,-0.0015
290,5,-0.2,-0.001
291,5,-0.1,-0.0005
292,5,0.0,0.0
293,5,0.1,0.0005
294,5,0.2,0.001
295,5,0.3,0.0015
296,5,0.4,0.002
297,5,0.5,0.0025
298,5,0.6,0.003
299,5,0.7,0.0035
300,5,0.8,0.004
301,5,0.9,0.0045
302,5,1.0,0.005
303,5,1.1,0.0055
304,5,1.2,0.006
305,5,1.3,0.0065
306,5,1.4,0.007
307,5,1.5,0.0075
308,5,1.6,0.008
309,5,1.7,0.0085
310,5,1.8,0.009
311,5,1.9,0.0095
312,5,2.0,0.01
313,5,2.1,0.0105
314,5,2.2,0.011
315,5,2.3,0.0115
316,5,2.4,0.012
317,5,2.5,0.0125
318,5,2.6,0.013
319,5,2.7,0.0135
320,5,2.8,0.014
321,5,2.9,0.0145
322,5,3.0,0.015
323,5,3.1,0.0155
324,5,3.2,0.016
325,5,3.3,0.0165
326,5,3.4,0.017
327,5,3.5,0.0175
328,5,3.6,0.018
329,5,3.7,0.0185
330,5,3.8,0.019
331,5,3.9,0.0195
332,5,4.0,0.02
333,5,4.1,0.0205
334,5,4.2,0.021
335,5,4.3,0.0215
336,5,4.4,0.022
337,5,4.5,0.0225
338,5,4.6,0.023
339,5,4.7,0.0235
340,5,4.8,0.024
341,5,4.9,0.0245
342,5,5.0,0.025
343,5,5.1,0.0255
344,5,5.2,0.026
345,5,5.3,0.0265
346,5,5.4,0.027
347,5,5.5,0.0275
348,5,5.6,0.028
349,5,5.7,0.0285
350,5,5.8,0.029
351,5,5.9,0.0295
352,5,6.0,0.03
353,6,5.9,0.0295
354,6,5.8,0.029
355,6,5.7,0.0285
356,6,5.6,0.028
357,6,5.5,0.0275
358,6,5.4,0.027
359,6,5.3,0.0265
360,6,5.2,0.026
361,6,5.1,0.0255
362,6,5.0,0.025
363,6,4.9,0.0245
364,6,4.8,0.024
365,6,4.7,0.0235
366,6,4.6,0.023
367,6,4.5,0.0225
368,6,4.4,0.022
369,6,4.3,0.0215
370,6,4.2,0.021
371,6,4.1,0.0205
372,6,4.0,0.02
373,6,3.9,0.0195
374,6,3.8,0.019
375,6,3.7,0.0185
376,6,3.6,0.018
377,6,3.5,0.0175
378,6,3.4,0.017
379,6,3.3,0.0165
380,6,3.2,0.016
381,6,3.1,0.0155
382,6,3.0,0.015
383,6,2.9,0.0145
384,6,2.8,0.014
385,6,2.7,0.0135
386,6,2.6,0.013
387,6,2.5,0.0125
388,6,2.4,0.012
389,6,2.3,0.0115
390,6,2.2,0.011
391,6,2.1,0.0105
392,6,2.0,0.01
393,6,1.9,0.0095
394,6,1.8,0.009
395,6,1.7,0.0085
396,6,1.6,0.008
397,6,1.5,0.0075
398,6,1.4,0.007
399,6,1.3,0.0065
400,6,1.2,0.006
401,6,1.1,0.0055
402,6,1.0,0.005
403,6,0.9,0.0045
404,6,0.8,0.004
405,6,0.7,0.0035
406,6,0.6,0.003
407,6,0.5,0.0025
408,6,0.4,0.002
409,6,0.3,0.0015
410,6,0.2,0.001
411,6,0.1,0.0005
412,6,0.0,0.0
413,6,-0.1,-0.0005
414,6,-0.2,-0.001
415,6,-0.3,-0.0015
416,6,-0.4,-0.002
417,6,-0.5,-0.0025
418,6,-0.6,-0.003
419,6,-0.7,-0.0035
420,6,-0.8,-0.004
421,6,-0.9,-0.0045
422,6,-1.0,-0.005
423,6,-1.1,-0.0055
424,6,-1.2,-0.006
425,6,-1.3,-0.0065
426,6,-1.4,-0.007
427,6,-1.5,-0.0075
428,6,-1.6,-0.008
429,6,-1.7,-0.0085
430,6,-1.8,-0.009
431,6,-1.9,-0.0095
432,6,-2.0,-0.01
433,6,-2.1,-0.0105
434,6,-2.2,-0.011
435,6,-2.3,-0.0115
436,6,-2.4,-0.012
437,6,-2.5,-0.0125
438,6,-2.6,-0.013
439,6,-2.7,-0.0135
440,6,-2.8,-0.014
441,6,-2.9,-0.0145
442,6,-3.0,-0.015
443,6,-3.1,-0.0155
444,6,-3.2,-0.016
445,6,-3.3,-0.0165
446,6,-3.4,-0.017
447,6,-3.5,-0.0175
448,6,-3.6,-0.018
449,6,-3.7,-0.0185
450,6,-3.8,-0.019
451,6,-3.9,-0.0195
452,6,-4.0,-0.02
453,6,-4.1,-0.0205
454,6,-4.2,-0.021
455,6,-4.3,-0.0215
456,6,-4.4,-0.022
457,6,-4.5,-0.0225
458,6,-4.6,-0.023
459,6,-4.7,-0.0235
460,6,-4.8,-0.024
461,6,-4.9,-0.0245
462,6,-5.0,-0.025
463,6,-5.1,-0.0255
464,6,-5.2,-0.026
465,6,-5.3,-0.0265
466,6,-5.4,-0.027
467,6,-5.5,-0.0275
468,6,-5.6,-0.028
469,6,-5.7,-0.0285
470,6,-5.8,-0.029
471,6,-5.9,-0.0295
472,6,-6.0,-0.03
473,7,-5.9,-0.0295
474,7,-5.8,-0.029
475,7,-5.7,-0.0285
476,7,-5.6,-0.028
477,7,-5.5,-0.0275
478,7,-5.4,-0.027
479,7,-5.3,-0.0265
480,7,-5.2,-0.026
481,7,-5.1,-0.0255
482,7,-5.0,-0.025
483,7,-4.9,-0.0245
484,7,-4.8,-0.024
485,7,-4.7,-0.0235
486,7,-4.6,-0.023
487,7,-4.5,-0.0225
488,7,-4.4,-0.022
489,7,-4.3,-0.0215
490,7,-4.2,-0.021
491,7,-4.1,-0.0205
492,7,-4.0,-0.02
493,7,-3.9,-0.0195
494,7,-3.8,-0.019
495,7,-3.7,-0.0185
496,7,-3.6,-0.018
497,7,-3.5,-0.0175
498,7,-3.4,-0.017
499,7,-3.3,-0.0165
500,7,-3.2,-0.016
501,7,-3.1,-0.0155
502,7,-3.0,-0.015
503,7,-2.9,-0.0145
504,7,-2.8,-0.014
505,7,-2.7,-0.0135
506,7,-2.6,-0.013
507,7,-2.5,-0.0125
508,7,-2.4,-0.012
509,7,-2.3,-0.0115
510,7,-2.2,-0.011
511,7,-2.1,-0.0105
512,7,-2.0,-0.01
513,7,-1.9,-0.0095
514,7,-1.8,-0.009
515,7,-1.7,-0.0085
516,7,-1.6,-0.008
517,7,-1.5,-0.0075
518,7,-1.4,-0.007
519,7,-1.3,-0.0065
520,7,-1.2,-0.006
521,7,-1.1,-0.0055
522,7,-1.0,-0.005
523,7,-0.9,-0.0045
524,7,-0.8,-0.004
525,7,-0.7,-0.0035
526,7,-0.6,-0.003
527,7,-0.5,-0.0025
528,7,-0.4,-0.002
529,7,-0.3,-0.0015
530,7,-0.2,-0.001
531,7,-0.1,-0.0005
532,7,0.0,0.0
533,7,0.1,0.0005
534,7,0.2,0.001
535,7,0.3,0.0015
536,7,0.4,0.002
537,7,0.5,0.0025
538,7,0.6,0.003
539,7,0.7,0.0035
540,7,0.8,0.004
541,7,0.9,0.0045
542,7,1.0,0.005
543,7,1.1,0.0055
544,7,1.2,0.006
545,7,1.3,0.0065
546,7,1.4,0.007
547,7,1.5,0.0075
548,7,1.6,0.008
549,7,1.7,0.0085
550,7,1.8,0.009
551,7,1.9,0.0095
552,7,2.0,0.01
553,7,2.1,0.0105
554,7,2.2,0.011
555,7,2.3,0.0115
556,7,2.4,0.012
557,7,2.5,0.0125
558,7,2.6,0.013
559,7,2.7,0.0135
560,7,2.8,0.014
561,7,2.9,0.0145
562,7,3.0,0.015
563,7,3.1,0.0155
564,7,3.2,0.016
565,7,3.3,0.0165
566,7,3.4,0.017
567,7,3.5,0.0175
568,7,3.6,0.018
569,7,3.7,0.0185
570,7,3.8,0.019
571,7,3.9,0.0195
572,7,4.0,0.02
573,7,4.1,0.0205
574,7,4.2,0.021
575,7,4.3,0.0215
576,7,4.4,0.022
577,7,4.5,0.0225
578,7,4.6,0.023
579,7,4.7,0.0235
580,7,4.8,0.024
581,7,4.9,0.0245
582,7,5.0,0.025
583,7,5.1,0.0255
584,7,5.2,0.026
585,7,5.3,0.0265
586,7,5.4,0.027
587,7,5.5,0.0275
588,7,5.6,0.028
589,7,5.7,0.0285
590,7,5.8,0.029
591,7,5.9,0.0295
592,7,6.0,0.03
593,8,5.9,0.0295
594,8,5.8,0.029
595,8,5.7,0.0285
596,8,5.6,0.028
597,8,5.5,0.0275
598,8,5.4,0.027
599,8,5.3,0.0265
600,8,5.2,0.026
601,8,5.1,0.0255
602,8,5.0,0.025
603,8,4.9,0.0245
604,8,4.8,0.024
605,8,4.7,0.0235
606,8,4.6,0.023
607,8,4.5,0.0225
608,8,4.4,0.022
609,8,4.3,0.0215
610,8,4.2,0.021
611,8,4.1,0.0205
612,8,4.0,0.02
613,8,3.9,0.0195
614,8,3.8,0.019
615,8,3.7,0.0185
616,8,3.6,0.018
617,8,3.5,0.0175
618,8,3.4,0.017
619,8,3.3,0.0165
620,8,3.2,0.016
621,8,3.1,0.0155
622,8,3.0,0.015
623,8,2.9,0.0145
624,8,2.8,0.014
625,8,2.7,0.0135
626,8,2.6,0.013
627,8,2.5,0.0125
628,8,2.4,0.012
629,8,2.3,0.0115
630,8,2.2,0.011
631,8,2.1,0.0105
632,8,2.0,0.01
633,8,1.9,0.0095
634,8,1.8,0.009
635,8,1.7,0.0085
636,8,1.6,0.008
637,8,1.5,0.0075
638,8,1.4,0.007
639,8,1.3,0.0065
640,8,1.2,0.006
641,8,1.1,0.0055
642,8,1.0,0.005
643,8,0.9,0.0045
644,8,0.8,0.004
645,8,0.7,0.0035
646,8,0.6,0.003
647,8,0.5,0.0025
648,8,0.4,0.002
649,8,0.3,0.0015
650,8,0.2,0.001
651,8,0.1,0.0005
652,8,0.0,0.0
653,8,-0.1,-0.0005
654,8,-0.2,-0.001
655,8,-0.3,-0.0015
656,8,-0.4,-0.002
657,8,-0.5,-0.0025
658,8,-0.6,-0.003
659,8,-0.7,-0.0035
660,8,-0.8,-0.004
661,8,-0.9,-0.0045
662,8,-1.0,-0.005
663,8,-1.1,-0.0055
664,8,-1.2,-0.006
665,8,-1.3,-0.0065
666,8,-1.4,-0.007
667,8,-1.5,-0.0075
668,8,-1.6,-0.008
669,8,-1.7,-0.0085
670,8,-1.8,-0.009
671,8,-1.9,-0.0095
672,8,-2.0,-0.01
673,8,-2.1,-0.0105
674,8,-2.2,-0.011
675,8,-2.3,-0.0115
676,8,-2.4,-0.012
677,8,-2.5,-0.0125
678,8,-2.6,-0.013
679,8,-2.7,-0.0135
680,8,-2.8,-0.014
681,8,-2.9,-0.0145
682,8,-3.0,-0.015
683,8,-3.1,-0.0155
684,8,-3.2,-0.016
685,8,-3.3,-0.0165
686,8,-3.4,-0.017
687,8,-3.5,-0.0175
688,8,-3.6,-0.018
689,8,-3.7,-0.0185
690,8,-3.8,-0.019
691,8,-3.9,-0.0195
692,8,-4.0,-0.02
693,8,-4.1,-0.0205
694,8,-4.2,-0.021
695,8,-4.3,-0.0215
696,8,-4.4,-0.022
697,8,-4.5,-0.0225
698,8,-4.6,-0.023
699,8,-4.7,-0.0235
700,8,-4.8,-0.024
701,8,-4.9,-0.0245
702,8,-5.0,-0.025
703,8,-5.1,-0.0255
704,9,-5.0,-0.025
705,9,-4.9,-0.0245
706,9,-4.8,-0.024
707,9,-4.7,-0.0235
708,9,-4.6,-0.023
709,9,-4.5,-0.0225
710,9,-4.4,-0.022
711,9,-4.3,-0.0215
712,9,-4.2,-0.021
713,9,-4.1,-0.0205
714,9,-4.0,-0.02
715,9,-3.9,-0.0195
716,9,-3.8,-0.019
717,9,-3.7,-0.0185
718,9,-3.6,-0.018
719,9,-3.5,-0.0175
720,9,-3.4,-0.017
721,9,-3.3,-0.0165
722,9,-3.2,-0.016
723,9,-3.1,-0.0155
724,9,-3.0,-0.015
725,9,-2.9,-0.0145
726,9,-2.8,-0.014
727,9,-2.7,-0.0135
728,9,-2.6,-0.013
729,9,-2.5,-0.0125
730,9,-2.4,-0.012
731,9,-2.3,-0.0115
732,9,-2.2,-0.011
733,9,-2.1,-0.0105
734,9,-2.0,-0.01
735,9,-1.9,-0.0095
736,9,-1.8,-0.009
737,9,-1.7,-0.0085
738,9,-1.6,-0.008
739,9,-1.5,-0.0075
740,9,-1.4,-0.007
741,9,-1.3,-0.0065
742,9,-1.2,-0.006
743,9,-1.1,-0.0055
744,9,-1.0,-0.005
745,9,-0.9,-0.0045
746,9,-0.8,-0.004
747,9,-0.7,-0.0035
748,9,-0.6,-0.003
749,9,-0.5,-0.0025
750,9,-0.4,-0.002
751,9,-0.3,-0.0015
752,9,-0.2,-0.001
753,9,-0.1,-0.0005
754,9,0.0,0.0
755,9,0.1,0.0005
756,9,0.2,0.001
757,9,0.3,0.0015
758,9,0.4,0.002
759,9,0.5,0.0025
760,9,0.6,0.003
761,9,0.7,0.0035
762,9,0.8,0.004
763,9,0.9,0.0045
764,9,1.0,0.005
765,9,1.1,0.0055
766,9,1.2,0.006
767,9,1.3,0.0065
768,9,1.4,0.007
769,9,1.5,0.0075
770,9,1.6,0.008
771,9,1.7,0.0085
772,9,1.8,0.009
773,9,1.9,0.0095
774,9,2.0,0.01
775,9,2.1,0.0105
776,9,2.2,0.011
777,9,2.3,0.0115
778,9,2.4,0.012
779,9,2.5,0.0125
780,9,2.6,0.013
781,9,2.7,0.0135
782,9,2.8,0.014
783,9,2.9,0.0145
784,9,3.0,0.015
785,9,3.1,0.0155
786,9,3.2,0.016
787,10,3.1,0.0155
788,10,3.0,0.015
789,10,2.9,0.0145
790,10,2.8,0.014
791,10,2.7,0.0135
792,10,2.6,0.013
793,10,2.5,0.0125
794,10,2.4,0.012
795,10,2.3,0.0115
796,10,2.2,0.011
797,10,2.1,0.0105
798,10,2.0,0.01
799,10,1.9,0.0095
800,10,1.8,0.009
801,10,1.7,0.0085
802,10,1.6,0.008
803,10,1.5,0.0075
804,10,1.4,0.007
805,10,1.3,0.0065
806,10,1.2,0.006
807,10,1.1,0.0055
808,10,1.0,0.005
809,10,0.9,0.0045
810,10,0.8,0.004
811,10,0.7,0.0035
812,10,0.6,0.003
813,10,0.5,0.0025
814,10,0.4,0.002
815,10,0.3,0.0015
816,10,0.2,0.001
817,10,0.1,0.0005
818,10,0.0,0.0
819,10,-0.1,-0.0005
820,10,-0.2,-0.001
821,10,-0.3,-0.0015
822,10,-0.4,-0.002
823,10,-0.5,-0.0025
824,10,-0.6,-0.003
825,10,-0.7,-0.0035
826,10,-0.8,-0.004
827,10,-0.9,-0.0045
828,10,-1.0,-0.005
829,10,-1.1,-0.0055
830,10,-1.2,-0.006
831,10,-1.3,-0.0065
832,10,-1.4,-0.007
833,10,-1.5,-0.0075
834,10,-1.6,-0.008
835,10,-1.7,-0.0085
836,10,-1.8,-0.009
837,10,-1.9,-0.0095
838,10,-2.0,-0.01
839,10,-2.1,-0.0105
840,10,-2.2,-0.011
841,10,-2.3,-0.0115
842,10,-2.4,-0.012
843,10,-2.5,-0.0125
844,10,-2.6,-0.013
845,10,-2.7,-0.0135
846,10,-2.8,-0.014
847,10,-2.9,-0.0145
848,10,-3.0,-0.015
849,10,-3.1,-0.0155
850,11,-3.0,-0.015
851,11,-2.9,-0.0145
852,11,-2.8,-0.014
853,11,-2.7,-0.0135
854,11,-2.6,-0.013
855,11,-2.5,-0.0125
856,11,-2.4,-0.012
857,11,-2.3,-0.0115
858,11,-2.2,-0.011
859,11,-2.1,-0.0105
860,11,-2.0,-0.01
861,11,-1.9,-0.0095
862,11,-1.8,-0.009
863,11,-1.7,-0.0085
864,11,-1.6,-0.008
865,11,-1.5,-0.0075
866,11,-1.4,-0.007
867,11,-1.3,-0.0065
868,11,-1.2,-0.006
869,11,-1.1,-0.0055
870,11,-1.0,-0.005
871,11,-0.9,-0.0045
872,11,-0.8,-0.004
873,11,-0.7,-0.0035
874,11,-0.6,-0.003
875,11,-0.5,-0.0025
876,11,-0.4,-0.002
877,11,-0.3,-0.0015
878,11,-0.2,-0.001
879,11,-0.1,-0.0005
880,11,0.0,0.0
881,11,0.1,0.0005
882,11,0.2,0.001
883,11,0.3,0.0015
884,11,0.4,0.002
885,11,0.5,0.0025
886,11,0.6,0.003
887,11,0.7,0.0035
888,11,0.8,0.004
889,11,0.9,0.0045
890,11,1.0,0.005
891,11,1.1,0.0055
892,11,1.2,0.006
893,11,1.3,0.0065
894,11,1.4,0.007
895,11,1.5,0.0075
896,11,1.6,0.008
897,11,1.7,0.0085
898,11,1.8,0.009
899,11,1.9,0.0095
900,11,2.0,0.01
901,11,2.1,0.0105
902,11,2.2,0.011
903,11,2.3,0.0115
904,11,2.4,0.012
905,11,2.5,0.0125
906,11,2.6,0.013
907,11,2.7,0.0135
908,11,2.8,0.014
909,11,2.9,0.0145
910,11,3.0,0.015
911,11,3.1,0.0155
912,12,3.0,0.015
913,12,2.9,0.0145
914,12,2.8,0.014
915,12,2.7,0.0135
916,12,2.6,0.013
917,12,2.5,0.0125
918,12,2.4,0.012
919,12,2.3,0.0115
920,12,2.2,0.011
921,12,2.1,0.0105
922,12,2.0,0.01
923,12,1.9,0.0095
924,12,1.8,0.009
925,12,1.7,0.0085
926,12,1.6,0.008
927,12,1.5,0.0075
928,12,1.4,0.007
929,12,1.3,0.0065
930,12,1.2,0.006
931,12,1.1,0.0055
932,12,1.0,0.005
933,12,0.9,0.0045
934,12,0.8,0.004
935,12,0.7,0.0035
936,12,0.6,0.003
937,12,0.5,0.0025
938,12,0.4,0.002
939,12,0.3,0.0015
940,12,0.2,0.001
941,12,0.1,0.0005
942,12,0.0,0.0
943,12,-0.1,-0.0005
944,12,-0.2,-0.001
945,12,-0.3,-0.0015
946,12,-0.4,-0.002
947,12,-0.5,-0.0025
948,12,-0.6,-0.003
949,12,-0.7,-0.0035
950,12,-0.8,-0.004
951,12,-0.9,-0.0045
952,12,-1.0,-0.005
953,12,-1.1,-0.0055
954,12,-1.2,-0.006
955,12,-1.3,-0.0065
956,12,-1.4,-0.007
957,12,-1.5,-0.0075
958,12,-1.6,-0.008
959,12,-1.7,-0.0085
960,12,-1.8,-0.009
961,12,-1.9,-0.0095
962,12,-2.0,-0.01
963,12,-2.1,-0.0105
964,12,-2.2,-0.011
965,12,-2.3,-0.0115
966,12,-2.4,-0.012
967,12,-2.5,-0.0125
968,13,-2.4,-0.012
969,13,-2.3,-0.0115
970,13,-2.2,-0.011
971,13,-2.1,-0.0105
972,13,-2.0,-0.01
973,13,-1.9,-0.0095
974,13,-1.8,-0.009
975,13,-1.7,-0.0085
976,13,-1.6,-0.008
977,13,-1.5,-0.0075
978,13,-1.4,-0.007
979,13,-1.3,-0.0065
980,13,-1.2,-0.006
981,13,-1.1,-0.0055
982,13,-1.0,-0.005
983,13,-0.9,-0.0045
984,13,-0.8,-0.004
985,13,-0.7,-0.0035
986,13,-0.6,-0.003
987,13,-0.5,-0.0025
988,13,-0.4,-0.002
989,13,-0.3,-0.0015
990,13,-0.2,-0.001
991,13,-0.1,-0.0005
992,13,0.0,0.0
993,13,0.1,0.0005
994,13,0.2,0.001
995,13,0.3,0.0015
996,13,0.4,0.002
997,13,0.5,0.0025
998,13,0.6,0.003
999,13,0.7,0.0035
1000,13,0.8,0.004
1001,13,0.9,0.0045
1002,13,1.0,0.005
1003,13,1.1,0.0055
1004,13,1.2,0.006
1005,13,1.3,0.0065
1006,13,1.4,0.007
1007,13,1.5,0.0075
1008,13,1.6,0.008
1009,13,1.7,0.0085
1010,13,1.8,0.009
1011,13,1.9,0.0095
1012,13,2.0,0.01
1013,13,2.1,0.0105
1014,13,2.2,0.011
1015,13,2.3,0.0115
1016,14,2.2,0.011
1017,14,2.1,0.0105
1018,14,2.0,0.01
1019,14,1.9,0.0095
1020,14,1.8,0.009
1021,14,1.7,0.0085
1022,14,1.6,0.008
1023,14,1.5,0.0075
1024,14,1.4,0.007
1025,14,1.3,0.0065
1026,14,1.2,0.006
1027,14,1.1,0.0055
1028,14,1.0,0.005
1029,14,0.9,0.0045
1030,14,0.8,0.004
1031,14,0.7,0.0035
1032,14,0.6,0.003
1033,14,0.5,0.0025
1034,14,0.4,0.002
1035,14,0.3,0.0015
1036,14,0.2,0.001
1037,14,0.1,0.0005
1038,14,0.0,0.0
1039,14,-0.1,-0.0005
1040,14,-0.2,-0.001
1041,14,-0.3,-0.0015
1042,14,-0.4,-0.002
1043,14,-0.5,-0.0025
1044,14,-0.6,-0.003
1045,14,-0.7,-0.0035
1046,14,-0.8,-0.004
1047,14,-0.9,-0.0045
1048,15,-0.8,-0.004
1049,15,-0.7,-0.0035
1050,15,-0.6,-0.003
1051,15,-0.5,-0.0025
1052,15,-0.4,-0.002
1053,15,-0.3,-0.0015
1054,15,-0.2,-0.001
1055,15,-0.1,-0.0005
1056,15,0.0,0.0
1057,15,0.1,0.0005
1058,15,0.2,0.001
1059,15,0.3,0.0015
1060,15,0.4,0.002
1061,15,0.5,0.0025
1062,15,0.6,0.003
1063,15,0.7,0.0035
1064,15,0.8,0.004
1065,15,0.9,0.0045
1066,16,0.8,0.004
1067,16,0.7,0.0035
1068,16,0.6,0.003
1069,16,0.5,0.0025
1070,16,0.4,0.002
1071,16,0.3,0.0015
1072,16,0.2,0.001
1073,16,0.1,0.0005
1074,16,0.0,0.0
1075,16,-0.1,-0.0005
1076,16,-0.2,-0.001
1077,16,-0.3,-0.0015
1078,16,-0.4,-0.002
1079,16,-0.5,-0.0025
1080,16,-0.6,-0.003
1081,16,-0.7,-0.0035
1082,16,-0.8,-0.004
1083,17,-0.7,-0.0035
1084,17,-0.6,-0.003
1085,17,-0.5,-0.0025
1086,17,-0.4,-0.002
1087,17,-0.3,-0.0015
1088,17,-0.2,-0.001
1089,17,-0.1,-0.0005
1090,17,0.0,0.0
1091,17,0.1,0.0005
1092,17,0.2,0.001
1093,17,0.3,0.0015
1094,17,0.4,0.002
1095,17,0.5,0.0025
1096,17,0.6,0.003
1097,17,0.7,0.0035
1098,17,0.8,0.004
1099,17,0.9,0.0045
1100,17,1.0,0.005
1101,17,1.1,0.0055
1102,17,1.2,0.006
1103,17,1.3,0.0065
1104,17,1.4,0.007
1105,17,1.5,0.0075
1106,18,1.4,0.007
1107,18,1.3,0.0065
1108,18,1.2,0.006
1109,18,1.1,0.0055
1110,18,1.0,0.005
1111,18,0.9,0.0045
1112,18,0.8,0.004
1113,18,0.7,0.0035
1114,18,0.6,0.003
1115,18,0.5,0.0025
1116,18,0.4,0.002
1117,18,0.3,0.0015
1118,18,0.2,0.001
1119,18,0.1,0.0005
