index,time_s,measured_drift_rad,target_drift_rad,target_load_factor,end_step
0,0.00,0.00000,0.0000,0.0,10
1,13.40,-0.00879,-0.0090,-1.8,28
2,13.89,0.01234,0.0125,2.5,71
3,14.36,-0.02155,-0.0215,-4.3,139
4,14.99,0.01466,0.0145,2.9,211
5,15.72,-0.02263,-0.0225,-4.5,285
6,16.46,0.02578,0.0260,5.2,382
7,17.28,-0.02099,-0.0210,-4.2,476
8,18.08,0.02128,0.0215,4.3,561
9,18.67,-0.00517,-0.0050,-1.0,614
10,19.95,0.00893,0.0090,1.8,642
11,21.21,-0.00375,-0.0040,-0.8,668
12,22.12,0.00680,0.0070,1.4,690
13,23.22,0.00002,0.0000,0.0,704
14,24.09,0.00680,0.0070,1.4,718
15,24.92,-0.00233,-0.0025,-0.5,737
16,25.76,0.00611,0.0060,1.2,754
17,27.36,-0.00007,0.0000,0.0,766
18,28.17,0.00520,0.0050,1.0,776
19,57.87,0.00245,0.0025,0.5,781
