case,,case_id,load_factor,story_drift_rad,story_shear_kN,beam_strain,beam_strain_over_0p002,column_strain,column_strain_over_0p002,left_beam_strain_over_0p002,column_right_strain_over_0p002,load_step,deformation_angle_rad,amplitude
No slab,759,770.0,-8.0,-0.04,-334.0,-0.00125,-0.625,0.0127,6.35,0.91,8.45,770.0,-0.02997,-0.04
No slab,459,470.0,-6.0,-0.03,-362.0,-0.00332,-1.66,0.00439,2.195,2.975,7.95,470.0,-0.019,-0.03
No slab,239,250.0,-4.0,-0.02,-384.0,-0.00358,-1.79,0.00052,0.259,1.75,6.7,250.0,-0.00921,-0.02
No slab,99,110.0,-2.0,-0.01,-360.0,-0.00209,-1.045,-0.00027,-0.136,0.975,1.19,110.0,-0.00467,-0.01
No slab,29,40.0,-1.0,-0.005,-251.0,-0.00036,-0.1805,-0.00024,-0.1195,0.57,0.605,40.0,-0.00264,-0.005
No slab,0,0.0,0.0,0.0,0.0,0.0,0.0,0.0,0.0,0.0,0.0,0.0,0.0,0.0
No slab,9,20.0,1.0,0.005,255.0,0.00106,0.53,0.00123,0.615,-0.1585,-0.0705,20.0,0.00229,0.005
No slab,59,70.0,2.0,0.01,379.0,0.00175,0.875,0.00268,1.34,-0.885,-0.115,70.0,0.00483,0.01
No slab,159,170.0,4.0,0.02,384.0,0.00428,2.14,0.0138,6.9,-1.945,-0.4555,170.0,0.00852,0.02
No slab,339,350.0,6.0,0.03,331.0,0.0133,6.65,0.0217,10.85,-5.1,2.535,350.0,0.01459,0.03
No slab,599,610.0,8.0,0.04,326.0,0.00796,3.98,0.0192,9.6,-6.45,5.35,610.0,0.03078,0.04
With slab,759,770.0,-8.0,-0.04,-348.0,-0.00609,-3.045,0.00085,0.4245,1.355,7.55,770.0,-0.04969,-0.04
With slab,459,470.0,-6.0,-0.03,-332.0,-0.00442,-2.21,0.00122,0.61,0.71,6.45,470.0,-0.03536,-0.03
With slab,239,250.0,-4.0,-0.02,-441.0,-0.00339,-1.695,0.00019,0.0955,0.88,8.05,250.0,-0.01225,-0.02
With slab,99,110.0,-2.0,-0.01,-412.0,-0.00146,-0.73,-0.00018,-0.0925,0.845,1.92,110.0,-0.00483,-0.01
With slab,29,40.0,-1.0,-0.005,-298.0,-0.00056,-0.2785,-0.00032,-0.162,0.525,0.745,40.0,-0.00251,-0.005
With slab,0,0.0,0.0,0.0,0.0,0.0,0.0,0.0,0.0,0.0,0.0,0.0,0.0,0.0
With slab,9,20.0,1.0,0.005,301.0,0.00101,0.505,0.00129,0.645,-0.127,-0.071,20.0,0.00246,0.005
With slab,59,70.0,2.0,0.01,439.0,0.00136,0.68,0.00314,1.57,-0.645,-0.082,70.0,0.00483,0.01
With slab,159,170.0,4.0,0.02,455.0,0.00178,0.89,0.0105,5.25,-1.985,-0.3035,170.0,0.00954,0.02
With slab,339,350.0,6.0,0.03,375.0,0.00178,0.89,0.00812,4.06,-2.75,0.2625,350.0,0.02677,0.03
With slab,599,610.0,8.0,0.04,316.0,0.0021,1.05,0.00483,2.415,-3.075,-0.875,610.0,0.04426,0.04
