case,,case_id,load_factor,story_drift_rad,story_shear_kN,beam_strain,beam_strain_over_0p002,column_strain,column_strain_over_0p002,load_step,deformation_angle_rad,amplitude
Original,759,770.0,-8.0,-0.04,-334.0,-0.00125,-0.625,0.0127,6.35,770.0,-0.02997,-0.04
Original,459,470.0,-6.0,-0.03,-362.0,-0.00332,-1.66,0.00439,2.195,470.0,-0.019,-0.03
Original,239,250.0,-4.0,-0.02,-384.0,-0.00358,-1.79,0.00052,0.259,250.0,-0.00921,-0.02
Original,99,110.0,-2.0,-0.01,-360.0,-0.00209,-1.045,-0.00027,-0.136,110.0,-0.00467,-0.01
Original,29,40.0,-1.0,-0.005,-251.0,-0.00036,-0.1805,-0.00024,-0.1195,40.0,-0.00264,-0.005
Original,0,0.0,0.0,0.0,0.0,0.0,0.0,0.0,0.0,0.0,0.0,0.0
Original,9,20.0,1.0,0.005,255.0,0.00106,0.53,0.00123,0.615,20.0,0.00229,0.005
Original,59,70.0,2.0,0.01,379.0,0.00175,0.875,0.00268,1.34,70.0,0.00483,0.01
Original,159,170.0,4.0,0.02,384.0,0.00428,2.14,0.0138,6.9,170.0,0.00852,0.02
Original,339,350.0,6.0,0.03,331.0,0.0133,6.65,0.0217,10.85,350.0,0.01459,0.03
Original,599,610.0,8.0,0.04,326.0,0.00796,3.98,0.0192,9.6,610.0,0.03078,0.04
J12-M,759,770.0,-8.0,-0.04,-339.0,-0.00282,-1.41,0.0113,5.65,770.0,-0.026,-0.04
J12-M,459,470.0,-6.0,-0.03,-351.0,-0.004,-2.0,0.00436,2.18,470.0,-0.01847,-0.03
J12-M,239,250.0,-4.0,-0.02,-390.0,-0.00344,-1.72,0.00046,0.2325,250.0,-0.00873,-0.02
J12-M,99,110.0,-2.0,-0.01,-363.0,-0.00218,-1.09,-0.00016,-0.079,110.0,-0.00458,-0.01
J12-M,29,40.0,-1.0,-0.005,-254.0,-0.00039,-0.1935,-0.00023,-0.117,40.0,-0.00259,-0.005
J12-M,0,0.0,0.0,0.0,0.0,0.0,0.0,0.0,0.0,0.0,0.0,0.0
J12-M,9,20.0,1.0,0.005,258.0,0.00111,0.555,0.00125,0.625,20.0,0.0022,0.005
J12-M,59,70.0,2.0,0.01,382.0,0.00184,0.92,0.00264,1.32,70.0,0.00452,0.01
J12-M,159,170.0,4.0,0.02,387.0,0.00463,2.315,0.0132,6.6,170.0,0.00765,0.02
J12-M,339,350.0,6.0,0.03,343.0,0.0102,5.1,0.0201,10.05,350.0,0.01416,0.03
J12-M,599,610.0,8.0,0.04,331.0,0.00832,4.16,0.0171,8.55,610.0,0.02382,0.04
J12-H,759,770.0,-8.0,-0.04,-340.0,-0.00655,-3.275,0.0111,5.55,770.0,-0.02323,-0.04
J12-H,459,470.0,-6.0,-0.03,-349.0,-0.00683,-3.415,0.00476,2.38,470.0,-0.01704,-0.03
J12-H,239,250.0,-4.0,-0.02,-386.0,-0.0066,-3.3,0.00041,0.2065,250.0,-0.00778,-0.02
J12-H,99,110.0,-2.0,-0.01,-369.0,-0.00221,-1.105,-0.00017,-0.0845,110.0,-0.00429,-0.01
J12-H,29,40.0,-1.0,-0.005,-259.0,-0.00041,-0.2045,-0.0002,-0.1,40.0,-0.0026,-0.005
J12-H,0,0.0,0.0,0.0,0.0,0.0,0.0,0.0,0.0,0.0,0.0,0.0
J12-H,9,20.0,1.0,0.005,263.0,0.00109,0.545,0.0013,0.65,20.0,0.00204,0.005
J12-H,59,70.0,2.0,0.01,390.0,0.00179,0.895,0.00308,1.54,70.0,0.0043,0.01
J12-H,159,170.0,4.0,0.02,390.0,0.00373,1.865,0.0145,7.25,170.0,0.00736,0.02
J12-H,339,350.0,6.0,0.03,347.0,0.00766,3.83,0.0216,10.8,350.0,0.01315,0.03
J12-H,599,610.0,8.0,0.04,335.0,0.00691,3.455,0.0177,8.85,610.0,0.02116,0.04
J16-L,759,770.0,-8.0,-0.04,-367.0,-0.0208,-10.4,0.00852,4.26,770.0,-0.0407,-0.04
J16-L,459,470.0,-6.0,-0.03,-382.0,-0.0264,-13.2,0.00635,3.175,470.0,-0.02577,-0.03
J16-L,239,250.0,-4.0,-0.02,-400.0,-0.0142,-7.1,0.00123,0.615,250.0,-0.00993,-0.02
J16-L,99,110.0,-2.0,-0.01,-402.0,-0.00197,-0.985,-0.00042,-0.208,110.0,-0.00463,-0.01
J16-L,29,40.0,-1.0,-0.005,-271.0,-0.00043,-0.217,-0.00018,-0.09,40.0,-0.00261,-0.005
J16-L,0,0.0,0.0,0.0,0.0,0.0,0.0,0.0,0.0,0.0,0.0,0.0
J16-L,9,20.0,1.0,0.005,273.0,0.00113,0.565,0.00109,0.545,20.0,0.00224,0.005
J16-L,59,70.0,2.0,0.01,407.0,0.00181,0.905,0.00176,0.88,70.0,0.00477,0.01
J16-L,159,170.0,4.0,0.02,400.0,0.0107,5.35,0.00795,3.975,170.0,0.00946,0.02
J16-L,339,350.0,6.0,0.03,335.0,0.0184,9.2,0.0137,6.85,350.0,0.0209,0.03
J16-L,599,610.0,8.0,0.04,354.0,0.0188,9.4,0.0128,6.4,610.0,0.03782,0.04
J16-M,759,770.0,-8.0,-0.04,-353.0,-0.0215,-10.75,0.00838,4.19,770.0,-0.04325,-0.04
J16-M,459,470.0,-6.0,-0.03,-383.0,-0.0335,-16.75,0.00441,2.205,470.0,-0.02437,-0.03
J16-M,239,250.0,-4.0,-0.02,-374.0,-0.0162,-8.1,0.00094,0.4725,250.0,-0.01345,-0.02
J16-M,99,110.0,-2.0,-0.01,-405.0,-0.00194,-0.97,-0.00065,-0.323,110.0,-0.00439,-0.01
J16-M,29,40.0,-1.0,-0.005,-273.0,-0.00042,-0.211,-0.00018,-0.0925,40.0,-0.00248,-0.005
J16-M,0,0.0,0.0,0.0,0.0,0.0,0.0,0.0,0.0,0.0,0.0,0.0
J16-M,9,20.0,1.0,0.005,274.0,0.00112,0.56,0.00105,0.525,20.0,0.00221,0.005
J16-M,59,70.0,2.0,0.01,414.0,0.00186,0.93,0.00186,0.93,70.0,0.00445,0.01
J16-M,159,170.0,4.0,0.02,385.0,0.00991,4.955,0.0094,4.7,170.0,0.01136,0.02
J16-M,339,350.0,6.0,0.03,380.0,0.0162,8.1,0.0119,5.95,350.0,0.0225,0.03
J16-M,599,610.0,8.0,0.04,386.0,0.0189,9.45,0.0135,6.75,610.0,0.03897,0.04
J16-H,759,770.0,-8.0,-0.04,-416.0,-0.047,-23.5,0.00585,2.925,770.0,-0.03663,-0.04
J16-H,459,470.0,-6.0,-0.03,-386.0,-0.0452,-22.6,0.00223,1.115,470.0,-0.02201,-0.03
J16-H,239,250.0,-4.0,-0.02,-400.0,-0.0311,-15.55,0.00089,0.4465,250.0,-0.00769,-0.02
J16-H,99,110.0,-2.0,-0.01,-414.0,-0.00204,-1.02,-0.00087,-0.433,110.0,-0.00405,-0.01
J16-H,29,40.0,-1.0,-0.005,-280.0,-0.00047,-0.237,-0.00023,-0.1135,40.0,-0.00248,-0.005
J16-H,0,0.0,0.0,0.0,0.0,0.0,0.0,0.0,0.0,0.0,0.0,0.0
J16-H,9,20.0,1.0,0.005,282.0,0.00116,0.58,0.00114,0.57,20.0,0.00203,0.005
J16-H,59,70.0,2.0,0.01,421.0,0.00194,0.97,0.00194,0.97,70.0,0.00402,0.01
J16-H,159,170.0,4.0,0.02,441.0,0.00497,2.485,0.00499,2.495,170.0,0.00612,0.02
J16-H,339,350.0,6.0,0.03,360.0,0.0127,6.35,0.0114,5.7,350.0,0.0175,0.03
J16-H,599,610.0,8.0,0.04,386.0,0.0177,8.85,0.0125,6.25,610.0,0.03147,0.04
