source,reversal,step,drift_rad,V_over_Vmax,joint_ratio,diag_tension,diag_compression,column_face,beam_face,column_in_joint,beam_in_joint,hoop
solid,1,24.0,0.007,0.7311,0.4405,0.0025,-0.0006,0.74,0.685,0.74,0.545,0.74
solid,2,65.0,-0.0135,-1.0,0.4792,0.0054,-0.0009,2.86,1.005,2.27,0.775,1.66
solid,3,148.0,0.028,0.9906,0.3809,0.0099,-0.0005,11.15,3.975,9.15,0.95,4.875
solid,4,248.0,-0.022,-0.9175,0.5535,0.0127,0.0007,8.35,2.2,7.25,1.055,9.5
solid,5,352.0,0.03,0.9646,0.5134,0.0154,0.0003,10.45,4.605,8.9,1.075,9.4
solid,6,472.0,-0.03,-0.8868,0.6092,0.0187,0.0008,11.6,3.455,7.85,1.31,12.45
solid,7,592.0,0.03,0.9387,0.6284,0.0194,0.0009,9.3,4.735,9.1,1.205,12.05
solid,8,703.0,-0.0255,-0.8113,0.7113,0.0188,0.0011,8.9,3.475,8.4,1.325,13.1
shell,1,24.0,0.007,0.7778,0.465,0.0025,-0.0007,0.765,0.61,0.785,0.61,0.985
shell,2,65.0,-0.0135,-1.0,0.4556,0.0049,-0.0011,3.32,1.565,1.88,0.905,2.01
shell,3,148.0,0.028,0.8813,0.4612,0.0125,-0.0002,9.1,5.65,6.6,1.145,3.165
shell,4,248.0,-0.022,-0.904,0.5216,0.0106,-0.0006,8.45,1.29,5.95,2.16,2.875
shell,5,352.0,0.03,0.8207,0.5657,0.0162,-0.0004,9.6,6.15,6.85,1.42,3.975
shell,6,472.0,-0.03,-0.8965,0.6422,0.0182,-0.0007,7.95,3.325,5.35,2.61,6.05
shell,7,592.0,0.03,0.7803,0.6554,0.0184,-0.0009,7.7,1.825,7.0,1.61,4.795
shell,8,703.0,-0.0255,-0.7525,0.6697,0.0163,-0.0004,6.9,2.22,5.3,2.47,4.52
test,1,,0.0072,0.438,0.5116,0.0022,-0.001,,,,,
test,2,,-0.0135,-0.7411,0.3316,0.0038,-0.0012,,,,,
test,3,,0.0282,0.9163,0.3715,0.0087,-0.0011,,,,,
test,4,,-0.0222,-0.8838,0.5376,0.0119,-0.0008,,,,,
test,5,,0.03,0.8691,0.5043,0.0148,0.0006,,,,,
test,6,,-0.03,-0.9407,0.6155,0.0169,-0.0027,,,,,
test,7,,0.03,0.8122,0.5478,0.0167,0.0015,,,,,
test,8,,-0.0255,-0.7179,0.79,0.0198,-0.0017,,,,,
